Rank,Name,Pricing,Developer
1,Cash App
2,"PayPal - Pay, Send, Save"
3,Venmo
4,Zelle
5,Capital One Mobile
6,Chime – Mobile Banking
7,Intuit Credit Karma
8,Rocket Money - Bills & Budgets
9,Chase Mobile®: Bank & Invest
10,Experian®
11,Progressive
12,Kalshi: Trade on the Election
13,One – Mobile Banking
14,Bank of America Mobile Banking
15,Amex
16,Wells Fargo Mobile
17,Citi Mobile®
18,State Farm®
19,Barclays US
20,Remitly: Send Money & Transfer
21,Discover Mobile
22,Fidelity Investments
23,testerup - earn money
24,Brigit: Fast Cash Advance
25,Empower: Cash Advance & Credit
26,Robinhood: Investing for All
27,GEICO Mobile - Car Insurance
28,Dave: Fast Cash & Banking
29,Copper: Earn Money & Make Bank
30,Albert: Budgeting and Banking
31,Credit One Bank Mobile
32,Coinbase: Buy Bitcoin & Ether
33,SCCU Plus
34,SoFi - Banking & Investing
35,"Crypto.com - Buy Bitcoin, ETH"
36,Splitwise
37,MoneyLion: Banking & Rewards
38,DasherDirect By Payfare
39,Current: The Future of Banking
40,Western Union Send Money Now
41,Cleo: Cash advance & Credit
42,Empower®
43,EveryDollar: Personal Budget
44,Money App - Cash Advance
45,Klover - Instant Cash Advance
46,EarnIn: Make Every Day Payday
47,DailyPay On-Demand Pay
48,Acorns: Invest For Your Future
49,dub | Copy Trade Anyone
50,Navy Federal Credit Union
1,US Debt Clock .org
2,Military Retirement
3,10bii Financial Calculator
4,Money Manager (Remove Ads)
5,BA II Plus™ Financial Calc
6,My Currency Converter Pro
7,HP 12C Financial Calculator
8,BA Financial Calculator (PRO)
9,Money Pro: Personal Finance AR
10,HomeBudget with Sync
11,Income OK - income & expenses
12,The Checkbook
13,Weple Money Pro
14,Accounts 3 Checkbook
15,Tax Me Pro
16,10BII Calc HD
17,Pennies – Budget and Expenses
18,Military Retire Pay
19,EZ Financial Calculators Pro
20,Gem - Money tracker
21,Jitto - bill reminder & budget
22,Budget Calendar
23,Loan Calculator Pro
24,Currency+ (Currency Converter)
25,CheckCraft
26,10bII Financial Calculator PRO
27,AndroMoney
28,CalConvert: Pro Calculator $€
29,Gold Money Pro
30,% Percentage Calculator Pro
31,Vicinno Financial Calculator
32,HP 12C Platinum Calculator
33,Adding Machine 10Key iPhone
34,Loan Calculator +
35,iAllowance (Chores Allowances)
36,BA Finance Plus
37,同花顺至尊版-股票软件
38,Accounts 2 Checkbook
39,StockSpy: Real-time Quotes
40,Bills Monitor Pro
41,Adding Machine 10Key Universal
42,CalcTape Paper Tape Calculator
43,Purchases List
44,Quick Checkbook Pro
45,Simple Envelope Budgeting
46,Myanmar Market Price Pro
47,Account Tracker Pro
48,Leasematic - Auto/Car Lease & Loan Calculator
49,WalletApp
50,Ethereum Wallet Tracker
1,MileIQ: Mileage Tracker & Log
2,Rocket Money - Bills & Budgets
3,EveryDollar: Personal Budget
4,Seeking Alpha: News & Analysis
5,Copilot: Track & Budget Money
6,TradingView: Track All Markets
7,YNAB
8,Atlas Earth
9,Monarch: Budget & Track Money
10,dub | Copy Trade Anyone
11,LifeLock Identity
12,Aura: Security & Protection
13,Webull: Investing & Trading
14,Splitwise
15,Everlance - Mileage Tracker
16,"Repair, Build Credit: Dovly AI"
17,Bitcoin Mining · Cloud Mining
18,GoMining - Coin Mining App
19,Quicken Simplifi: Budget Smart
20,Stocks To Buy Now : AI Signals
21,Bitcoin Mining: Crypto Miner
22,SimplyWise: Receipt Scanner
23,PocketGuard・Money&Bill Tracker
24,Lenme: Investing and Borrowing
25,Credit Sesame: Build Score
26,MarketWatch - News & Data
27,Easy Invoice Maker App
28,Solo: Your Gig Business App
29,Experian®
30,Mos: Money for students
31,Gridwise: Gig-Driver Assistant
32,"Hurdlr Mileage, Expenses & Tax"
33,Yahoo Finance: Stocks & News
34,TipRanks Stock Market Analysis
35,Budget Planner App - Fleur
36,Stock Signal: Analysis & Alert
37,Debt Payoff Planner & Tracker
38,Investor's Business Daily
39,VectorVest: Stock & Investment
40,Receipt Scanner・Track Expenses
41,Buddy: Budget Planner App
42,CardPointers for Credit Cards
43,Ember - Earn Bitcoin
44,Unusual Whales
45,FS Insight
46,Option Signal Alert
47,Investing.com: Stock Market
48,Tandem - Living Together
49,Freebie Invoice Maker
50,MarketSurge - Stock Research
