Rank,Name,Pricing,Developer,CoinbaseRank,OKXRank,TrustRank
1,Kalshi: Bet the 2024 Election,,,,,
2,Cash App,,,,,
3,"PayPal - Pay, Send, Save",,,,,
4,Intuit Credit Karma,,,,,
5,Venmo,,,,,
6,Capital One Mobile,,,,,
7,Zelle,,,,,
8,Chime – Mobile Banking,,,,,
9,Rocket Money - Bills & Budgets,,,,,
10,Chase Mobile®: Bank & Invest,,,,,
11,Progressive,,,,,
12,Experian®,,,,,
13,Bank of America Mobile Banking,,,,,
14,Wells Fargo Mobile,,,,,
15,State Farm®,,,,,
16,One – Mobile Banking,,,,,
17,Citi Mobile®,,,,,
18,Amex,,,,,
19,Brigit: Fast Cash Advance,,,,,
20,Robinhood: Investing for All,,,,,
21,Empower: Cash Advance & Credit,,,,,
22,testerup - earn money,,,,,
23,Fidelity Investments,,,,,
24,Remitly: Send Money & Transfer,,,,,
25,Dave: Fast Cash & Banking,,,,,
26,Albert: Budgeting and Banking,,,,,
27,Discover Mobile,,,,,
28,GEICO Mobile - Car Insurance,,,,,
29,Credit One Bank Mobile,,,,,
30,Barclays US,,,,,
31,MoneyLion: Banking & Rewards,,,,,
32,Coinbase: Buy Bitcoin & Ether,,,32,,
33,Current: The Future of Banking,,,,,
34,OKX: Buy Bitcoin BTC & Crypto,,,,34,
35,"Crypto.com - Buy Bitcoin, ETH",,,,,
36,SoFi - Banking & Investing,,,,,
37,Western Union Send Money Now,,,,,
38,DasherDirect By Payfare,,,,,
39,EveryDollar: Personal Budget,,,,,
40,dub | Copy Trade Anyone,,,,,
41,DailyPay On-Demand Pay,,,,,
42,Copper: Earn Money & Make Bank,,,,,
43,Cleo: Cash advance & Credit,,,,,
44,EarnIn: Make Every Day Payday,,,,,
45,Splitwise,,,,,
46,Money App - Cash Advance,,,,,
47,Empower®,,,,,
48,Klover - Instant Cash Advance,,,,,
49,Possible: Fast Cash & Credit,,,,,
50,Allstate® Mobile,,,,,
1,US Debt Clock .org,,,,,
2,Military Retirement,,,,,
3,10bii Financial Calculator,,,,,
4,BA Financial Calculator (PRO),,,,,
5,Money Manager (Remove Ads),,,,,
6,Accounts 3 Checkbook,,,,,
7,My Currency Converter Pro,,,,,
8,BA II Plus™ Financial Calc,,,,,
9,同花顺至尊版-股票软件,,,,,
10,HomeBudget with Sync,,,,,
11,Money Pro: Personal Finance AR,,,,,
12,HP 12C Financial Calculator,,,,,
13,Moneyvated: Money Income Timer,,,,,
14,Income OK - income & expenses,,,,,
15,Car Care fuel & service log,,,,,
16,Purchases List,,,,,
17,Myanmar Market Price Pro,,,,,
18,12Calc,,,,,
19,Quick Checkbook Pro,,,,,
20,Loan Calculator +,,,,,
21,Margin+ (Margin Calculator),,,,,
22,iMargin,,,,,
23,WalletApp,,,,,
24,iCurrency Pad,,,,,
25,Bankroller,,,,,
26,Money Monitor Pro,,,,,
27,MortgageCalcPlus,,,,,
28,Easy Retirement Calculator,,,,,
29,My Budget Book,,,,,
30,Tax It - Sales Tax Calculator,,,,,
31,سلم الرواتب برو - موعد الرواتب,,,,,
32,Cash Goals,,,,,
33,The Checkbook,,,,,
34,iAllowance (Chores Allowances),,,,,
35,Currency+ (Currency Converter),,,,,
36,10BII Calc HD,,,,,
37,CheckCraft,,,,,
38,Adding Machine 10Key iPhone,,,,,
39,金十数据专业版-为交易而生,,,,,
40,10bII Financial Calculator PRO,,,,,
41,Pennies – Budget and Expenses,,,,,
42,Bills Monitor Pro,,,,,
43,Defer My Pay,,,,,
44,Military Retire Pay,,,,,
45,Debt Manager,,,,,
46,Mortgage Calculator Pro,,,,,
47,GoldRatio,,,,,
48,Vicinno Financial Calculator,,,,,
49,Budgey: Budgeting for all,,,,,
50,iXpenseIt Pro: Manage Money,,,,,
1,MileIQ: Mileage Tracker & Log,,,,,
2,EveryDollar: Personal Budget,,,,,
3,Rocket Money - Bills & Budgets,,,,,
4,Seeking Alpha: News & Analysis,,,,,
5,YNAB,,,,,
6,Copilot: Track & Budget Money,,,,,
7,TradingView: Track All Markets,,,,,
8,dub | Copy Trade Anyone,,,,,
9,Monarch: Budget & Track Money,,,,,
10,Bitcoin Mining · Cloud Mining,,,,,
11,Webull: Investing & Trading,,,,,
12,Atlas Earth,,,,,
13,Splitwise,,,,,
14,GoMining - Coin Mining App,,,,,
15,Everlance - Mileage Tracker,,,,,
16,Aura: Security & Protection,,,,,
17,"Repair, Build Credit: Dovly AI",,,,,
18,LifeLock Identity,,,,,
19,Bitcoin Mining: Crypto Miner,,,,,
20,SimplyWise: Receipt Scanner,,,,,
21,Yahoo Finance: Stocks & News,,,,,
22,Quicken Simplifi: Budget Smart,,,,,
23,TipRanks Stock Market Analysis,,,,,
24,PocketGuard・Money&Bill Tracker,,,,,
25,Stocks To Buy Now : AI Signals,,,,,
26,Experian®,,,,,
27,Lenme: Investing and Borrowing,,,,,
28,Credit Sesame: Build Score,,,,,
29,MarketWatch - News & Data,,,,,
30,Gridwise: Gig-Driver Assistant,,,,,
31,Solo: Your Gig Business App,,,,,
32,Mos: Money for students,,,,,
33,Smart Receipts: Expenses & Tax,,,,,
34,VectorVest: Stock & Investment,,,,,
35,"Hurdlr Mileage, Expenses & Tax",,,,,
36,Easy Invoice Maker App,,,,,
37,Buddy: Budget Planner App,,,,,
38,Investing.com: Stock Market,,,,,
39,Receipt Scanner・Track Expenses,,,,,
40,Stock Signal: Analysis & Alert,,,,,
41,Investor's Business Daily,,,,,
42,CardPointers for Credit Cards,,,,,
43,"Stock Screener, Market Scanner",,,,,
44,Finimize Finance News Insights,,,,,
45,MarketSurge - Stock Research,,,,,
46,Skip - Fund Your Business,,,,,
47,Tandem - Living Together,,,,,
48,Budget App - Spending Tracker,,,,,
49,Unusual Whales,,,,,
50,Simply Wall St: Stock Analysis,,,,,
